,CPII
1913-01-31,30.285408163265306
1913-02-28,30.285408163265306
1913-03-31,30.285408163265306
1913-04-30,30.285408163265306
1913-05-31,30.597628865979388
1913-06-30,30.285408163265306
1913-07-31,29.979494949494953
1913-08-31,29.979494949494953
1913-09-30,29.679700000000004
1913-10-31,29.679700000000004
1913-11-30,29.38584158415842
1913-12-31,29.679700000000004
1914-01-31,29.679700000000004
1914-02-28,29.979494949494953
1914-03-31,29.979494949494953
1914-04-30,30.285408163265306
1914-05-31,29.979494949494953
1914-06-30,29.979494949494953
1914-07-31,29.679700000000004
1914-08-31,29.09774509803922
1914-09-30,29.09774509803922
1914-10-31,29.38584158415842
1914-11-30,29.09774509803922
1914-12-31,29.38584158415842
1915-01-31,29.38584158415842
1915-02-28,29.679700000000004
1915-03-31,29.979494949494953
1915-04-30,29.679700000000004
1915-05-31,29.38584158415842
1915-06-30,29.38584158415842
1915-07-31,29.38584158415842
1915-08-31,29.38584158415842
1915-09-30,29.38584158415842
1915-10-31,29.09774509803922
1915-11-30,28.8152427184466
1915-12-31,28.8152427184466
1916-01-31,28.53817307692308
1916-02-29,28.53817307692308
1916-03-31,28.266380952380956
1916-04-30,27.999716981132078
1916-05-31,27.738037383177574
1916-06-30,27.481203703703706
1916-07-31,27.481203703703706
1916-08-31,27.229082568807343
1916-09-30,26.738468468468472
1916-10-31,26.265221238938054
1916-11-30,25.808434782608696
1916-12-31,25.585948275862073
1917-01-31,25.36726495726496
1917-02-28,24.733083333333337
1917-03-31,24.733083333333337
1917-04-30,23.555317460317465
1917-05-31,23.187265625000002
1917-06-30,22.830538461538463
1917-07-31,23.187265625000002
1917-08-31,22.830538461538463
1917-09-30,22.315563909774436
1917-10-31,21.984962962962964
1917-11-30,21.984962962962964
1917-12-31,21.66401459854015
1918-01-31,21.199785714285717
1918-02-28,21.04943262411348
1918-03-31,21.199785714285717
1918-04-30,20.901197183098596
1918-05-31,20.468758620689655
1918-06-30,20.19027210884354
1918-07-31,19.65543046357616
1918-08-31,19.272532467532468
1918-09-30,18.904267515923568
1918-10-31,18.5498125
1918-11-30,18.20840490797546
1918-12-31,17.98769696969697
1919-01-31,17.98769696969697
1919-02-28,18.320802469135806
1919-03-31,18.09737804878049
1919-04-30,17.772275449101798
1919-05-31,17.561952662721897
1919-06-30,17.561952662721897
1919-07-31,17.057298850574714
1919-08-31,16.768192090395484
1919-09-30,16.673988764044946
1919-10-31,16.397624309392267
1919-11-30,16.043081081081084
1919-12-31,15.703544973544975
1920-01-31,15.378082901554405
1920-02-29,15.220358974358975
1920-03-31,15.065837563451778
1920-04-30,14.620541871921183
1920-05-31,14.4076213592233
1920-06-30,14.200813397129188
1920-07-31,14.26908653846154
1920-08-31,14.620541871921183
1920-09-30,14.839850000000002
1920-10-31,14.914422110552767
1920-11-30,14.989747474747476
1920-12-31,15.298814432989694
1921-01-31,15.620894736842107
1921-02-28,16.13027173913044
1921-03-31,16.21841530054645
1921-04-30,16.397624309392267
1921-05-31,16.768192090395484
1921-06-30,16.86346590909091
1921-07-31,16.768192090395484
1921-08-31,16.768192090395484
1921-09-30,16.959828571428574
1921-10-31,16.959828571428574
1921-11-30,17.057298850574714
1921-12-31,17.155895953757227
1922-01-31,17.561952662721897
1922-02-28,17.561952662721897
1922-03-31,17.772275449101798
1922-04-30,17.772275449101798
1922-05-31,17.772275449101798
1922-06-30,17.772275449101798
1922-07-31,17.666488095238098
1922-08-31,17.87933734939759
1922-09-30,17.87933734939759
1922-10-31,17.772275449101798
1922-11-30,17.666488095238098
1922-12-31,17.561952662721897
1923-01-31,17.666488095238098
1923-02-28,17.666488095238098
1923-03-31,17.666488095238098
1923-04-30,17.561952662721897
1923-05-31,17.561952662721897
1923-06-30,17.45864705882353
1923-07-31,17.255639534883723
1923-08-31,17.35654970760234
1923-09-30,17.255639534883723
1923-10-31,17.155895953757227
1923-11-30,17.155895953757227
1923-12-31,17.155895953757227
1924-01-31,17.155895953757227
1924-02-29,17.255639534883723
1924-03-31,17.35654970760234
1924-04-30,17.45864705882353
1924-05-31,17.45864705882353
1924-06-30,17.45864705882353
1924-07-31,17.35654970760234
1924-08-31,17.45864705882353
1924-09-30,17.35654970760234
1924-10-31,17.255639534883723
1924-11-30,17.255639534883723
1924-12-31,17.155895953757227
1925-01-31,17.155895953757227
1925-02-28,17.255639534883723
1925-03-31,17.155895953757227
1925-04-30,17.255639534883723
1925-05-31,17.155895953757227
1925-06-30,16.959828571428574
1925-07-31,16.768192090395484
1925-08-31,16.768192090395484
1925-09-30,16.768192090395484
1925-10-31,16.768192090395484
1925-11-30,16.488722222222222
1925-12-31,16.58083798882682
1926-01-31,16.58083798882682
1926-02-28,16.58083798882682
1926-03-31,16.673988764044946
1926-04-30,16.58083798882682
1926-05-31,16.673988764044946
1926-06-30,16.768192090395484
1926-07-31,16.959828571428574
1926-08-31,17.057298850574714
1926-09-30,16.959828571428574
1926-10-31,16.86346590909091
1926-11-30,16.768192090395484
1926-12-31,16.768192090395484
1927-01-31,16.959828571428574
1927-02-28,17.057298850574714
1927-03-31,17.155895953757227
1927-04-30,17.155895953757227
1927-05-31,17.057298850574714
1927-06-30,16.86346590909091
1927-07-31,17.155895953757227
1927-08-31,17.255639534883723
1927-09-30,17.155895953757227
1927-10-31,17.057298850574714
1927-11-30,17.155895953757227
1927-12-31,17.155895953757227
1928-01-31,17.155895953757227
1928-02-29,17.35654970760234
1928-03-31,17.35654970760234
1928-04-30,17.35654970760234
1928-05-31,17.255639534883723
1928-06-30,17.35654970760234
1928-07-31,17.35654970760234
1928-08-31,17.35654970760234
1928-09-30,17.155895953757227
1928-10-31,17.255639534883723
1928-11-30,17.255639534883723
1928-12-31,17.35654970760234
1929-01-31,17.35654970760234
1929-02-28,17.35654970760234
1929-03-31,17.45864705882353
1929-04-30,17.561952662721897
1929-05-31,17.45864705882353
1929-06-30,17.35654970760234
1929-07-31,17.155895953757227
1929-08-31,17.155895953757227
1929-09-30,17.155895953757227
1929-10-31,17.155895953757227
1929-11-30,17.155895953757227
1929-12-31,17.255639534883723
1930-01-31,17.35654970760234
1930-02-28,17.45864705882353
1930-03-31,17.561952662721897
1930-04-30,17.45864705882353
1930-05-31,17.561952662721897
1930-06-30,17.666488095238098
1930-07-31,17.87933734939759
1930-08-31,17.98769696969697
1930-09-30,17.87933734939759
1930-10-31,17.98769696969697
1930-11-30,18.09737804878049
1930-12-31,18.434596273291927
1931-01-31,18.666477987421384
1931-02-28,18.904267515923568
1931-03-31,19.02544871794872
1931-04-30,19.1481935483871
1931-05-31,19.398496732026146
1931-06-30,19.65543046357616
1931-07-31,19.65543046357616
1931-08-31,19.65543046357616
1931-09-30,19.78646666666667
1931-10-31,19.919261744966445
1931-11-30,20.19027210884354
1931-12-31,20.32856164383562
1932-01-31,20.755034965034966
1932-02-29,21.04943262411348
1932-03-31,21.199785714285717
1932-04-30,21.352302158273382
1932-05-31,21.66401459854015
1932-06-30,21.823308823529413
1932-07-31,21.823308823529413
1932-08-31,21.984962962962964
1932-09-30,22.14902985074627
1932-10-31,22.315563909774436
1932-11-30,22.484621212121215
1932-12-31,22.656259541984735
1933-01-31,23.00751937984496
1933-02-28,23.369842519685044
1933-03-31,23.555317460317465
1933-04-30,23.555317460317465
1933-05-31,23.555317460317465
1933-06-30,23.369842519685044
1933-07-31,22.656259541984735
1933-08-31,22.484621212121215
1933-09-30,22.484621212121215
1933-10-31,22.484621212121215
1933-11-30,22.484621212121215
1933-12-31,22.484621212121215
1934-01-31,22.484621212121215
1934-02-28,22.315563909774436
1934-03-31,22.315563909774436
1934-04-30,22.315563909774436
1934-05-31,22.315563909774436
1934-06-30,22.14902985074627
1934-07-31,22.14902985074627
1934-08-31,22.14902985074627
1934-09-30,21.823308823529413
1934-10-31,21.984962962962964
1934-11-30,21.984962962962964
1934-12-31,22.14902985074627
1935-01-31,21.823308823529413
1935-02-28,21.66401459854015
1935-03-31,21.66401459854015
1935-04-30,21.507028985507247
1935-05-31,21.507028985507247
1935-06-30,21.66401459854015
1935-07-31,21.66401459854015
1935-08-31,21.66401459854015
1935-09-30,21.66401459854015
1935-10-31,21.66401459854015
1935-11-30,21.507028985507247
1935-12-31,21.507028985507247
1936-01-31,21.507028985507247
1936-02-29,21.507028985507247
1936-03-31,21.66401459854015
1936-04-30,21.66401459854015
1936-05-31,21.66401459854015
1936-06-30,21.507028985507247
1936-07-31,21.352302158273382
1936-08-31,21.199785714285717
1936-09-30,21.199785714285717
1936-10-31,21.199785714285717
1936-11-30,21.199785714285717
1936-12-31,21.199785714285717
1937-01-31,21.04943262411348
1937-02-28,21.04943262411348
1937-03-31,20.901197183098596
1937-04-30,20.755034965034966
1937-05-31,20.610902777777778
1937-06-30,20.610902777777778
1937-07-31,20.468758620689655
1937-08-31,20.468758620689655
1937-09-30,20.32856164383562
1937-10-31,20.32856164383562
1937-11-30,20.468758620689655
1937-12-31,20.610902777777778
1938-01-31,20.901197183098596
1938-02-28,21.04943262411348
1938-03-31,21.04943262411348
1938-04-30,20.901197183098596
1938-05-31,21.04943262411348
1938-06-30,21.04943262411348
1938-07-31,21.04943262411348
1938-08-31,21.04943262411348
1938-09-30,21.04943262411348
1938-10-31,21.199785714285717
1938-11-30,21.199785714285717
1938-12-31,21.199785714285717
1939-01-31,21.199785714285717
1939-02-28,21.352302158273382
1939-03-31,21.352302158273382
1939-04-30,21.507028985507247
1939-05-31,21.507028985507247
1939-06-30,21.507028985507247
1939-07-31,21.507028985507247
1939-08-31,21.507028985507247
1939-09-30,21.04943262411348
1939-10-31,21.199785714285717
1939-11-30,21.199785714285717
1939-12-31,21.199785714285717
1940-01-31,21.352302158273382
1940-02-29,21.199785714285717
1940-03-31,21.199785714285717
1940-04-30,21.199785714285717
1940-05-31,21.199785714285717
1940-06-30,21.04943262411348
1940-07-31,21.199785714285717
1940-08-31,21.199785714285717
1940-09-30,21.199785714285717
1940-10-31,21.199785714285717
1940-11-30,21.199785714285717
1940-12-31,21.04943262411348
1941-01-31,21.04943262411348
1941-02-28,21.04943262411348
1941-03-31,20.901197183098596
1941-04-30,20.755034965034966
1941-05-31,20.610902777777778
1941-06-30,20.19027210884354
1941-07-31,20.19027210884354
1941-08-31,19.919261744966445
1941-09-30,19.65543046357616
1941-10-31,19.398496732026146
1941-11-30,19.272532467532468
1941-12-31,19.1481935483871
1942-01-31,18.904267515923568
1942-02-28,18.784620253164558
1942-03-31,18.5498125
1942-04-30,18.434596273291927
1942-05-31,18.20840490797546
1942-06-30,18.20840490797546
1942-07-31,18.09737804878049
1942-08-31,17.98769696969697
1942-09-30,17.98769696969697
1942-10-31,17.772275449101798
1942-11-30,17.666488095238098
1942-12-31,17.561952662721897
1943-01-31,17.561952662721897
1943-02-28,17.561952662721897
1943-03-31,17.255639534883723
1943-04-30,17.057298850574714
1943-05-31,16.959828571428574
1943-06-30,16.959828571428574
1943-07-31,17.057298850574714
1943-08-31,17.155895953757227
1943-09-30,17.057298850574714
1943-10-31,17.057298850574714
1943-11-30,17.057298850574714
1943-12-31,17.057298850574714
1944-01-31,17.057298850574714
1944-02-29,17.057298850574714
1944-03-31,17.057298850574714
1944-04-30,16.959828571428574
1944-05-31,16.959828571428574
1944-06-30,16.86346590909091
1944-07-31,16.768192090395484
1944-08-31,16.768192090395484
1944-09-30,16.768192090395484
1944-10-31,16.768192090395484
1944-11-30,16.768192090395484
1944-12-31,16.673988764044946
1945-01-31,16.673988764044946
1945-02-28,16.673988764044946
1945-03-31,16.673988764044946
1945-04-30,16.673988764044946
1945-05-31,16.58083798882682
1945-06-30,16.397624309392267
1945-07-31,16.397624309392267
1945-08-31,16.397624309392267
1945-09-30,16.397624309392267
1945-10-31,16.397624309392267
1945-11-30,16.397624309392267
1945-12-31,16.307527472527475
1946-01-31,16.307527472527475
1946-02-28,16.397624309392267
1946-03-31,16.21841530054645
1946-04-30,16.13027173913044
1946-05-31,16.043081081081084
1946-06-30,15.87149732620321
1946-07-31,14.989747474747476
1946-08-31,14.69292079207921
1946-09-30,14.54887254901961
1946-10-31,14.26908653846154
1946-11-30,13.934131455399061
1946-12-31,13.804511627906978
1947-01-31,13.804511627906978
1947-02-28,13.804511627906978
1947-03-31,13.552374429223747
1947-04-30,13.552374429223747
1947-05-31,13.552374429223747
1947-06-30,13.490772727272729
1947-07-31,13.369234234234236
1947-08-31,13.190977777777778
1947-09-30,12.904217391304348
1947-10-31,12.904217391304348
1947-11-30,12.848354978354978
1947-12-31,12.68363247863248
1948-01-31,12.523080168776373
1948-02-29,12.629659574468086
1948-03-31,12.68363247863248
1948-04-30,12.47046218487395
1948-05-31,12.418284518828454
1948-06-30,12.315228215767636
1948-07-31,12.163811475409839
1948-08-31,12.114163265306123
1948-09-30,12.114163265306123
1948-10-31,12.163811475409839
1948-11-30,12.264338842975208
1948-12-31,12.315228215767636
1949-01-31,12.366541666666668
1949-02-28,12.47046218487395
1949-03-31,12.47046218487395
1949-04-30,12.418284518828454
1949-05-31,12.47046218487395
1949-06-30,12.418284518828454
1949-07-31,12.523080168776373
1949-08-31,12.47046218487395
1949-09-30,12.418284518828454
1949-10-31,12.523080168776373
1949-11-30,12.47046218487395
1949-12-31,12.57614406779661
1950-01-31,12.629659574468086
1950-02-28,12.629659574468086
1950-03-31,12.57614406779661
1950-04-30,12.57614406779661
1950-05-31,12.523080168776373
1950-06-30,12.47046218487395
1950-07-31,12.315228215767636
1950-08-31,12.213868312757203
1950-09-30,12.163811475409839
1950-10-31,12.064918699186991
1950-11-30,12.01607287449393
1950-12-31,11.87188
1951-01-31,11.684921259842522
1951-02-28,11.548521400778212
1951-03-31,11.50375968992248
1951-04-30,11.50375968992248
1951-05-31,11.45934362934363
1951-06-30,11.45934362934363
1951-07-31,11.45934362934363
1951-08-31,11.45934362934363
1951-09-30,11.371532567049808
1951-10-31,11.328129770992367
1951-11-30,11.242310606060608
1951-12-31,11.199886792452832
1952-01-31,11.199886792452832
1952-02-29,11.285057034220532
1952-03-31,11.285057034220532
1952-04-30,11.242310606060608
1952-05-31,11.242310606060608
1952-06-30,11.199886792452832
1952-07-31,11.115992509363297
1952-08-31,11.115992509363297
1952-09-30,11.115992509363297
1952-10-31,11.115992509363297
1952-11-30,11.115992509363297
1952-12-31,11.115992509363297
1953-01-31,11.157781954887218
1953-02-28,11.199886792452832
1953-03-31,11.157781954887218
1953-04-30,11.157781954887218
1953-05-31,11.115992509363297
1953-06-30,11.074514925373135
1953-07-31,11.074514925373135
1953-08-31,11.033345724907065
1953-09-30,11.033345724907065
1953-10-31,10.992481481481482
1953-11-30,11.033345724907065
1953-12-31,11.033345724907065
1954-01-31,11.033345724907065
1954-02-28,11.033345724907065
1954-03-31,11.033345724907065
1954-04-30,11.074514925373135
1954-05-31,11.033345724907065
1954-06-30,11.033345724907065
1954-07-31,11.033345724907065
1954-08-31,11.033345724907065
1954-09-30,11.074514925373135
1954-10-31,11.074514925373135
1954-11-30,11.074514925373135
1954-12-31,11.115992509363297
1955-01-31,11.115992509363297
1955-02-28,11.115992509363297
1955-03-31,11.115992509363297
1955-04-30,11.115992509363297
1955-05-31,11.115992509363297
1955-06-30,11.115992509363297
1955-07-31,11.074514925373135
1955-08-31,11.074514925373135
1955-09-30,11.033345724907065
1955-10-31,11.033345724907065
1955-11-30,11.033345724907065
1955-12-31,11.074514925373135
1956-01-31,11.074514925373135
1956-02-29,11.074514925373135
1956-03-31,11.074514925373135
1956-04-30,11.033345724907065
1956-05-31,10.992481481481482
1956-06-30,10.911654411764706
1956-07-31,10.832007299270074
1956-08-31,10.871684981684982
1956-09-30,10.832007299270074
1956-10-31,10.792618181818183
1956-11-30,10.792618181818183
1956-12-31,10.753514492753624
1957-01-31,10.753514492753624
1957-02-28,10.714693140794225
1957-03-31,10.676151079136691
1957-04-30,10.6378853046595
1957-05-31,10.599892857142859
1957-06-30,10.562170818505338
1957-07-31,10.487526501766785
1957-08-31,10.487526501766785
1957-09-30,10.487526501766785
1957-10-31,10.487526501766785
1957-11-30,10.450598591549298
1957-12-31,10.450598591549298
1958-01-31,10.377517482517483
1958-02-28,10.377517482517483
1958-03-31,10.305451388888889
1958-04-30,10.269792387543253
1958-05-31,10.269792387543253
1958-06-30,10.269792387543253
1958-07-31,10.234379310344828
1958-08-31,10.269792387543253
1958-09-30,10.269792387543253
1958-10-31,10.269792387543253
1958-11-30,10.234379310344828
1958-12-31,10.269792387543253
1959-01-31,10.234379310344828
1959-02-28,10.269792387543253
1959-03-31,10.269792387543253
1959-04-30,10.234379310344828
1959-05-31,10.234379310344828
1959-06-30,10.199209621993127
1959-07-31,10.16428082191781
1959-08-31,10.16428082191781
1959-09-30,10.129590443686007
1959-10-31,10.09513605442177
1959-11-30,10.09513605442177
1959-12-31,10.09513605442177
1960-01-31,10.129590443686007
1960-02-29,10.09513605442177
1960-03-31,10.09513605442177
1960-04-30,10.060915254237289
1960-05-31,10.060915254237289
1960-06-30,10.026925675675676
1960-07-31,10.026925675675676
1960-08-31,10.026925675675676
1960-09-30,10.026925675675676
1960-10-31,9.959630872483222
1960-11-30,9.959630872483222
1960-12-31,9.959630872483222
1961-01-31,9.959630872483222
1961-02-28,9.959630872483222
1961-03-31,9.959630872483222
1961-04-30,9.959630872483222
1961-05-31,9.959630872483222
1961-06-30,9.959630872483222
1961-07-31,9.893233333333335
1961-08-31,9.926321070234115
1961-09-30,9.893233333333335
1961-10-31,9.893233333333335
1961-11-30,9.893233333333335
1961-12-31,9.893233333333335
1962-01-31,9.893233333333335
1962-02-28,9.860365448504984
1962-03-31,9.860365448504984
1962-04-30,9.82771523178808
1962-05-31,9.82771523178808
1962-06-30,9.82771523178808
1962-07-31,9.795280528052805
1962-08-31,9.795280528052805
1962-09-30,9.763059210526317
1962-10-31,9.763059210526317
1962-11-30,9.763059210526317
1962-12-31,9.763059210526317
1963-01-31,9.763059210526317
1963-02-28,9.763059210526317
1963-03-31,9.73104918032787
1963-04-30,9.73104918032787
1963-05-31,9.73104918032787
1963-06-30,9.699248366013073
1963-07-31,9.667654723127036
1963-08-31,9.667654723127036
1963-09-30,9.667654723127036
1963-10-31,9.636266233766234
1963-11-30,9.636266233766234
1963-12-31,9.605080906148869
1964-01-31,9.605080906148869
1964-02-29,9.605080906148869
1964-03-31,9.605080906148869
1964-04-30,9.605080906148869
1964-05-31,9.605080906148869
1964-06-30,9.57409677419355
1964-07-31,9.54331189710611
1964-08-31,9.57409677419355
1964-09-30,9.54331189710611
1964-10-31,9.54331189710611
1964-11-30,9.51272435897436
1964-12-31,9.51272435897436
1965-01-31,9.51272435897436
1965-02-28,9.51272435897436
1965-03-31,9.482332268370607
1965-04-30,9.452133757961784
1965-05-31,9.452133757961784
1965-06-30,9.392310126582279
1965-07-31,9.392310126582279
1965-08-31,9.392310126582279
1965-09-30,9.392310126582279
1965-10-31,9.36268138801262
1965-11-30,9.36268138801262
1965-12-31,9.333238993710692
1966-01-31,9.333238993710692
1966-02-28,9.27490625
1966-03-31,9.246012461059191
1966-04-30,9.188761609907122
1966-05-31,9.188761609907122
1966-06-30,9.160401234567903
1966-07-31,9.132215384615385
1966-08-31,9.076360856269114
1966-09-30,9.076360856269114
1966-10-31,9.021185410334347
1966-11-30,9.021185410334347
1966-12-31,9.021185410334347
1967-01-31,9.021185410334347
1967-02-28,9.021185410334347
1967-03-31,8.993848484848485
1967-04-30,8.966676737160121
1967-05-31,8.939668674698796
1967-06-30,8.912822822822825
1967-07-31,8.886137724550899
1967-08-31,8.859611940298509
1967-09-30,8.833244047619049
1967-10-31,8.807032640949554
1967-11-30,8.780976331360948
1967-12-31,8.755073746312686
1968-01-31,8.703724340175954
1968-02-29,8.67827485380117
1968-03-31,8.652973760932946
1968-04-30,8.627819767441862
1968-05-31,8.6028115942029
1968-06-30,8.553227665706052
1968-07-31,8.504212034383956
1968-08-31,8.479914285714287
1968-09-30,8.455754985754986
1968-10-31,8.407847025495752
1968-11-30,8.384096045197742
1968-12-31,8.360478873239437
1969-01-31,8.336994382022473
1969-02-28,8.29041899441341
1969-03-31,8.221523545706372
1969-04-30,8.176225895316806
1969-05-31,8.153763736263738
1969-06-30,8.109207650273225
1969-07-31,8.06513586956522
1969-08-31,8.021540540540542
1969-09-30,7.999919137466308
1969-10-31,7.957024128686329
1969-11-30,7.9145866666666675
1969-12-31,7.872599469496022
1970-01-31,7.851772486772488
1970-02-28,7.810447368421054
1970-03-31,7.76955497382199
1970-04-30,7.709012987012987
1970-05-31,7.689041450777203
1970-06-30,7.649407216494847
1970-07-31,7.6101794871794874
1970-08-31,7.6101794871794874
1970-09-30,7.571352040816326
1970-10-31,7.532918781725889
1970-11-30,7.494873737373738
1970-12-31,7.4572110552763835
1971-01-31,7.4572110552763835
1971-02-28,7.438521303258146
1971-03-31,7.419925000000001
1971-04-30,7.40142144638404
1971-05-31,7.3646898263027305
1971-06-30,7.310270935960592
1971-07-31,7.292309582309582
1971-08-31,7.274436274509805
1971-09-30,7.274436274509805
1971-10-31,7.256650366748167
1971-11-30,7.256650366748167
1971-12-31,7.221338199513382
1972-01-31,7.221338199513382
1972-02-29,7.1863680387409214
1972-03-31,7.16900966183575
1972-04-30,7.151734939759037
1972-05-31,7.13454326923077
1972-06-30,7.117434052757794
1972-07-31,7.08346062052506
1972-08-31,7.066595238095239
1972-09-30,7.049809976247031
1972-10-31,7.0164775413711595
1972-11-30,6.9999292452830195
1972-12-31,6.983458823529412
1973-01-31,6.967065727699531
1973-02-28,6.918344988344989
1973-03-31,6.854434180138569
1973-04-30,6.807270642201836
1973-05-31,6.760751708428247
1973-06-30,6.7148642533936655
1973-07-31,6.699706546275396
1973-08-31,6.580864745011087
1973-09-30,6.566305309734513
1973-10-31,6.508706140350878
1973-11-30,6.466165577342049
1973-12-31,6.424177489177489
1974-01-31,6.369034334763949
1974-02-28,6.288072033898305
1974-03-31,6.209142259414227
1974-04-30,6.183270833333334
1974-05-31,6.1069341563786015
1974-06-30,6.057081632653062
1974-07-31,6.008036437246965
1974-08-31,5.93594
1974-09-30,5.865553359683795
1974-10-31,5.808160469667319
1974-11-30,5.763048543689321
1974-12-31,5.718631984585742
1975-01-31,5.696679462571978
1975-02-28,5.653276190476191
1975-03-31,5.631821631878558
1975-04-30,5.610529300567109
1975-05-31,5.578890977443609
1975-06-30,5.537257462686568
1975-07-31,5.475959409594096
1975-08-31,5.465874769797423
1975-09-30,5.435842490842491
1975-10-31,5.406138433515483
1975-11-30,5.367034358047017
1975-12-31,5.347693693693694
1976-01-31,5.3380755395683455
1976-02-29,5.31894265232975
1976-03-31,5.309427549194992
1976-04-30,5.290499108734403
1976-05-31,5.253044247787611
1976-06-30,5.225299295774649
1976-07-31,5.197845884413311
1976-08-31,5.170679442508711
1976-09-30,5.152725694444444
1976-10-31,5.126027633851469
1976-11-30,5.117189655172414
1976-12-31,5.0996048109965635
1977-01-31,5.073452991452992
1977-02-28,5.021945854483926
1977-03-31,4.988184873949581
1977-04-30,4.946616666666667
1977-05-31,4.922006633499172
1977-06-30,4.889571663920923
1977-07-31,4.865524590163935
1977-08-31,4.8496241830065365
1977-09-30,4.833827361563518
1977-10-31,4.818133116883117
1977-11-30,4.794781906300485
1977-12-31,4.779339774557166
1978-01-31,4.7487520000000005
1978-02-28,4.718553259141495
1978-03-31,4.68134069400631
1978-04-30,4.644710485133021
1978-05-31,4.601503875968993
1978-06-30,4.552101226993865
1978-07-31,4.517458143074582
1978-08-31,4.496924242424242
1978-09-30,4.463112781954887
1978-10-31,4.4232041728763045
1978-11-30,4.403516320474777
1978-12-31,4.384002954209749
1979-01-31,4.345490483162519
1979-02-28,4.295180897250362
1979-03-31,4.252106017191978
1979-04-30,4.203923512747876
1979-05-31,4.151006993006994
1979-06-30,4.105076071922546
1979-07-31,4.06015047879617
1979-08-31,4.021639566395664
1979-09-30,3.9785120643431644
1979-10-31,3.946768617021277
1979-11-30,3.910368906455863
1979-12-31,3.8695827900912647
1980-01-31,3.81487146529563
1980-02-29,3.7616856780735106
1980-03-31,3.7053308364544324
1980-04-30,3.664160493827161
1980-05-31,3.6283251833740837
1980-06-30,3.588839177750907
1980-07-31,3.588839177750907
1980-08-31,3.5629891956782718
1980-09-30,3.5332976190476195
1980-10-31,3.4999646226415098
1980-11-30,3.471309941520468
1980-12-31,3.4391309385863273
1981-01-31,3.4114597701149427
1981-02-28,3.376530147895336
1981-03-31,3.3536384180790964
1981-04-30,3.331054994388328
1981-05-31,3.3050890868596885
1981-06-30,3.275905077262694
1981-07-31,3.2401419213973806
1981-08-31,3.2155687973997837
1981-09-30,3.1845171673819745
1981-10-31,3.177698072805139
1981-11-30,3.1675240128068305
1981-12-31,3.1574148936170214
1982-01-31,3.147370095440085
1982-02-28,3.137389006342495
1982-03-31,3.140708994708995
1982-04-30,3.1274710221285567
1982-05-31,3.0980897703549064
1982-06-30,3.0597628865979383
1982-07-31,3.0440717948717952
1982-08-31,3.037840327533265
1982-09-30,3.0316343207354444
1982-10-31,3.0223727087576377
1982-11-30,3.028540816326531
1982-12-31,3.0409528688524596
1983-01-31,3.0347341513292436
1983-02-28,3.0316343207354444
1983-03-31,3.0316343207354444
1983-04-30,3.0101115618661263
1983-05-31,2.991905241935484
1983-06-30,2.982884422110553
1983-07-31,2.970940940940941
1983-08-31,2.962045908183633
1983-09-30,2.94733862959285
1983-10-31,2.938584158415842
1983-11-30,2.9327766798418975
1983-12-31,2.929881539980257
1984-01-31,2.912630029440628
1984-02-29,2.8984082031250002
1984-03-31,2.89275828460039
1984-04-30,2.8787293889427743
1984-05-31,2.870377176015474
1984-06-30,2.862073288331726
1984-07-31,2.851075888568684
1984-08-31,2.8401626794258377
1984-09-30,2.8266380952380956
1984-10-31,2.8185849952516624
1984-11-30,2.8185849952516624
1984-12-31,2.8185849952516624
1985-01-31,2.8132417061611377
1985-02-28,2.799971698113208
1985-03-31,2.7894454887218045
1985-04-30,2.776398503274088
1985-05-31,2.766048462255359
1985-06-30,2.758336431226766
1985-07-31,2.75321892393321
1985-08-31,2.7481203703703705
1985-09-30,2.740507848568791
1985-10-31,2.730423183072677
1985-11-30,2.7229082568807343
1985-12-31,2.7154345837145475
1986-01-31,2.7080018248175186
1986-02-28,2.7154345837145475
1986-03-31,2.7279136029411766
1986-04-30,2.7329373848987113
1986-05-31,2.725408631772268
1986-06-30,2.710474885844749
1986-07-31,2.710474885844749
1986-08-31,2.7055332725615315
1986-09-30,2.693257713248639
1986-10-31,2.690815956482321
1986-11-30,2.688378623188406
1986-12-31,2.685945701357466
1987-01-31,2.6690377697841727
1987-02-28,2.659471326164875
1987-03-31,2.6476092774308655
1987-04-30,2.633513753327418
1987-05-31,2.6241998231653407
1987-06-30,2.6149515418502203
1987-07-31,2.6080579964850616
1987-08-31,2.5943793706293707
1987-09-30,2.58084347826087
1987-10-31,2.5741283607979186
1987-11-30,2.571897746967071
1987-12-31,2.571897746967071
1988-01-31,2.5652290406222993
1988-02-29,2.558594827586207
1988-03-31,2.5476137339055795
1988-04-30,2.534560204953032
1988-05-31,2.5259319148936172
1988-06-30,2.515228813559322
1988-07-31,2.5046160337552745
1988-08-31,2.4940924369747903
1988-09-30,2.4774373956594324
1988-10-31,2.469193011647255
1988-11-30,2.4671404821280136
1988-12-31,2.463045643153527
1989-01-31,2.4508422791081754
1989-02-28,2.440764802631579
1989-03-31,2.4267947669664762
1989-04-30,2.4110235580828596
1989-05-31,2.3973909531502424
1989-06-30,2.391595487510073
1989-07-31,2.3858279742765274
1989-08-31,2.381998394863564
1989-09-30,2.3743760000000003
1989-10-31,2.363033439490446
1989-11-30,2.3574027005559968
1989-12-31,2.353663758921491
1990-01-31,2.329646781789639
1990-02-28,2.3187265625
1990-03-31,2.3061149961149967
1990-04-30,2.302536850271528
1990-05-31,2.2971904024767804
1990-06-30,2.2848113933795227
1990-07-31,2.2760506134969325
1990-08-31,2.2552963525835867
1990-09-30,2.236601356443105
1990-10-31,2.2231985018726594
1990-11-30,2.2182137518684604
1990-12-31,2.2182137518684604
1991-01-31,2.205029717682021
1991-02-28,2.2017581602373886
1991-03-31,2.1984962962962964
1991-04-30,2.195244082840237
1991-05-31,2.1887684365781714
1991-06-30,2.1823308823529413
1991-07-31,2.179126284875184
1991-08-31,2.1727452415812594
1991-09-30,2.1632434402332366
1991-10-31,2.16009461426492
1991-11-30,2.1538243831640056
1991-12-31,2.1522625090645398
1992-01-31,2.1491455467052862
1992-02-29,2.1413924963924966
1992-03-31,2.1306317300789663
1992-04-30,2.1275770609319
1992-05-31,2.124531138153186
1992-06-30,2.116954350927247
1992-07-31,2.1124341637010677
1992-08-31,2.1064371894960967
1992-09-30,2.100474168435952
1992-10-31,2.093067700987306
1992-11-30,2.090119718309859
1992-12-31,2.091592670894997
1993-01-31,2.08132538569425
1993-02-28,2.0740531097134873
1993-03-31,2.06683147632312
1993-04-30,2.0610902777777778
1993-05-31,2.0582316227461863
1993-06-30,2.055380886426593
1993-07-31,2.055380886426593
1993-08-31,2.0497030386740334
1993-09-30,2.045465196416265
1993-10-31,2.0370418668496915
1993-11-30,2.035644718792867
1993-12-31,2.035644718792867
1994-01-31,2.030075239398085
1994-02-28,2.0231561008861627
1994-03-31,2.016283967391305
1994-04-30,2.013548168249661
1994-05-31,2.0121830508474576
1994-06-30,2.0053851351351355
1994-07-31,1.999979784366577
1994-08-31,1.9919261744966446
1994-09-30,1.9865930388219546
1994-10-31,1.9852642140468229
1994-11-30,1.982611890447562
1994-12-31,1.982611890447562
1995-01-31,1.9746972721224219
1995-02-28,1.9668455931080187
1995-03-31,1.9603500660501982
1995-04-30,1.9538973008558262
1995-05-31,1.9500459921156377
1995-06-30,1.946209836065574
1995-07-31,1.946209836065574
1995-08-31,1.9411183780248529
1995-09-30,1.9373172323759795
1995-10-31,1.9310149642160055
1995-11-30,1.932272135416667
1995-12-31,1.9335309446254074
1996-01-31,1.9222603626943007
1996-02-29,1.9160555196901228
1996-03-31,1.906210661528581
1996-04-30,1.898893154190659
1996-05-31,1.895255427841635
1996-06-30,1.8940459476707086
1996-07-31,1.890426751592357
1996-08-31,1.8868213604577242
1996-09-30,1.8808428390367553
1996-10-31,1.8749020846494
1996-11-30,1.8713556116015135
1996-12-31,1.8713556116015135
1997-01-31,1.8654745443117537
1997-02-28,1.8596303258145366
1997-03-31,1.8549812500000002
1997-04-30,1.8526654182272162
1997-05-31,1.8538226108682077
1997-06-30,1.8515096693699313
1997-07-31,1.8492024922118382
1997-08-31,1.8457524875621891
1997-09-30,1.8411724565756826
1997-10-31,1.8366150990099013
1997-11-30,1.8377523219814242
1997-12-31,1.8400309981401117
1998-01-31,1.8366150990099013
1998-02-28,1.8332118591723288
1998-03-31,1.8298212083847105
1998-04-30,1.826443076923077
1998-05-31,1.8230773955773956
1998-06-30,1.8208404907975462
1998-07-31,1.8186090686274512
1998-08-31,1.8163831089351286
1998-09-30,1.8141625916870419
1998-10-31,1.809737804878049
1998-11-30,1.809737804878049
1998-12-31,1.8108419768151314
1999-01-31,1.8064333536214243
1999-02-28,1.8042370820668694
1999-03-31,1.7987696969696971
1999-04-30,1.785782190132371
1999-05-31,1.785782190132371
1999-06-30,1.785782190132371
1999-07-31,1.780425914817037
1999-08-31,1.7761639736684622
1999-09-30,1.767701012507445
1999-10-31,1.764548156956005
1999-11-30,1.7634997029114676
1999-12-31,1.7634997029114676
2000-01-31,1.7582760663507109
2000-02-29,1.7479210836277974
2000-03-31,1.7336273364485983
2000-04-30,1.7326152948044367
2000-05-31,1.730594752186589
2000-06-30,1.721560324825986
2000-07-31,1.7175752314814816
2000-08-31,1.7175752314814816
2000-09-30,1.7086758779504896
2000-10-31,1.7057298850574714
2000-11-30,1.704750143595635
2000-12-31,1.7057298850574714
2001-01-31,1.6950142775556827
2001-02-28,1.688265073947668
2001-03-31,1.6844324631101024
2001-04-30,1.6777671000565293
2001-05-31,1.6702138435565563
2001-06-30,1.6673988764044945
2001-07-31,1.6720957746478875
2001-08-31,1.6720957746478875
2001-09-30,1.6645933819405496
2001-10-31,1.6702138435565563
2001-11-30,1.6730383314543407
2001-12-31,1.6796661007357105
2002-01-31,1.6758723884810844
2002-02-28,1.6692744656917886
2002-03-31,1.6599384787472036
2002-04-30,1.650706340378198
2002-05-31,1.650706340378198
2002-06-30,1.6497887715397443
2002-07-31,1.647956690727374
2002-08-31,1.642484781405645
2002-09-30,1.6397624309392267
2002-10-31,1.6370490899062329
2002-11-30,1.6370490899062329
2002-12-31,1.640668877833057
2003-01-31,1.6334452394056138
2003-02-28,1.620955761878755
2003-03-31,1.6112757871878396
2003-04-30,1.6147823721436345
2003-05-31,1.6174223433242507
2003-06-30,1.6156614044638
2003-07-31,1.613904295812942
2003-08-31,1.6077843986998919
2003-09-30,1.602575593952484
2003-10-31,1.6043081081081083
2003-11-30,1.6086558265582658
2003-12-31,1.6104015192620726
2004-01-31,1.602575593952484
2004-02-29,1.5939688506981742
2004-03-31,1.5837620064034152
2004-04-30,1.5787074468085107
2004-05-31,1.5695240613432049
2004-06-30,1.564559831312599
2004-07-31,1.567038014783527
2004-08-31,1.5662110817941954
2004-09-30,1.5629120589784098
2004-10-31,1.5547249869041384
2004-11-30,1.553910994764398
2004-12-31,1.5596269048870206
2005-01-31,1.556355532249607
2005-02-28,1.547429614181439
2005-03-31,1.5354216244180032
2005-04-30,1.5251644398766702
2005-05-31,1.5267335390946504
2005-06-30,1.525948586118252
2005-07-31,1.5189201637666325
2005-08-31,1.5111863543788189
2005-09-30,1.4929426559356138
2005-10-31,1.4899447791164662
2005-11-30,1.5020091093117411
2005-12-31,1.508114837398374
2006-01-31,1.4967070095814423
2006-02-28,1.493694011071968
2006-03-31,1.4854704704704704
2006-04-30,1.472937965260546
2006-05-31,1.4656641975308644
2006-06-30,1.4627747658945294
2006-07-31,1.4584619164619166
2006-08-31,1.4556007846983816
2006-09-30,1.4627747658945294
2006-10-31,1.4707482656095143
2006-11-30,1.472937965260546
2006-12-31,1.4707482656095143
2007-01-31,1.4662724290569917
2007-02-28,1.4584690833861593
2007-03-31,1.4453085433791735
2007-04-30,1.4359801824990566
2007-05-31,1.427258606677599
2007-06-30,1.4244979649823377
2007-07-31,1.4248604169967212
2007-08-31,1.4274782725799238
2007-09-30,1.4235550865748958
2007-10-31,1.420516330359536
2007-11-30,1.4121288247524708
2007-12-31,1.4130768058808967
2008-01-31,1.4060877392457836
2008-02-29,1.4020161271274914
2008-03-31,1.3899675920722343
2008-04-30,1.3815885636081797
2008-05-31,1.3700515159348574
2008-06-30,1.3563832461211527
2008-07-31,1.3492980669564112
2008-08-31,1.354705458130597
2008-09-30,1.356581635684674
2008-10-31,1.3704247528546958
2008-11-30,1.3971848887842768
2008-12-31,1.411786251117834
2009-01-31,1.4056681964355913
2009-02-28,1.3987124928720551
2009-03-31,1.3953194270106108
2009-04-30,1.3918448696304633
2009-05-31,1.3878357399371541
2009-06-30,1.3760159115038504
2009-07-31,1.3782011692539158
2009-08-31,1.3751169880556355
2009-09-30,1.3742574165736752
2009-10-31,1.3729351411112192
2009-11-30,1.3719641288771784
2009-12-31,1.3743846926820684
2010-01-31,1.3697037662619354
2010-02-28,1.3693625110154517
2010-03-31,1.3637625154504645
2010-04-30,1.3613979239389202
2010-05-31,1.3603433893426469
2010-06-30,1.3616727456242976
2010-07-31,1.3613854346799017
2010-08-31,1.359508409982044
2010-09-30,1.3587179944973198
2010-10-31,1.3570282244605896
2010-11-30,1.3564576354071929
2010-12-31,1.3541306420779364
2011-01-31,1.3477111836638318
2011-02-28,1.3410977411673273
2011-03-31,1.3281468852224265
2011-04-30,1.3196490978453221
2011-05-31,1.3134702873024022
2011-06-30,1.3148784788367993
2011-07-31,1.3137144678251786
2011-08-31,1.31010174579002
2011-09-30,1.3081154220786377
2011-10-31,1.3108192261318519
2011-11-30,1.3119259161030812
2011-12-31,1.3151698039632742
2012-01-31,1.3094081574129224
2012-02-29,1.3036681410681579
2012-03-31,1.293841982283602
2012-04-30,1.289945020318578
2012-05-31,1.2914605225942608
2012-06-30,1.2933570974123882
2012-07-31,1.295468433549829
2012-08-31,1.2882988466830745
2012-09-30,1.2825757215641704
2012-10-31,1.2830747415883832
2012-11-30,1.2891830024194144
2012-12-31,1.2926642305564873
2013-01-31,1.2888527010595798
2013-02-28,1.2783827089237874
2013-03-31,1.275049082152999
2013-04-30,1.2763760530853951
2013-05-31,1.2741076219708516
2013-06-30,1.271057455118542
2013-07-31,1.2705568588503229
2013-08-31,1.2690303022528937
2013-09-30,1.2675561287897879
2013-10-31,1.2708288731127917
2013-11-30,1.273429756853121
2013-12-31,1.2735390411458536
2014-01-31,1.2688187212503634
2014-02-28,1.2641440320979977
2014-03-31,1.2560549825851803
2014-04-30,1.2519276844165486
2014-05-31,1.2475704077343421
2014-06-30,1.2452515911942035
2014-07-31,1.2457376705141658
2014-08-31,1.2478221751341172
2014-09-30,1.2468838092517363
2014-10-31,1.2500242173581602
2014-11-30,1.2568102612311616
2014-12-31,1.2639771391581351
2015-01-31,1.269953403192887
2015-02-28,1.2644617888395635
2015-03-31,1.2569805902955715
2015-04-30,1.2544304920984453
2015-05-31,1.2480687958621561
2015-06-30,1.243712233592303
2015-07-31,1.2436288518105711
2015-08-31,1.245392671914601
2015-09-30,1.2473344680493392
2015-10-31,1.2478956264348002
2015-11-30,1.2505351063471197
2015-12-31,1.25482295740408
2016-01-31,1.2527520302554493
2016-02-29,1.251721767442253
2016-03-31,1.2463549627937447
2016-04-30,1.2404737922185398
2016-05-31,1.2354753173014084
2016-06-30,1.2314308474885693
2016-07-31,1.233426700134648
2016-08-31,1.232294923375227
2016-09-30,1.22933959607005
2016-10-31,1.2278088272404222
2016-11-30,1.2297216110841798
2016-12-31,1.2293192286026708
2017-01-31,1.2221965993930135
2017-02-28,1.2183634848503508
2017-03-31,1.2173740058490328
2017-04-30,1.2137745170208243
2017-05-31,1.2127379634131892
2017-06-30,1.2116388724459595
2017-07-31,1.2124753866642701
2017-08-31,1.208855526456201
2017-09-30,1.2024884632058312
2017-10-31,1.2032489672143776
2017-11-30,1.203219699273115
2017-12-31,1.2039274066622319
2018-01-31,1.1974042530873414
2018-02-28,1.1919989075910375
2018-03-31,1.1893097285557435
2018-04-30,1.1846008317833852
2018-05-31,1.1796945800276644
2018-06-30,1.1778172856751685
2018-07-31,1.1777378316389293
2018-08-31,1.1770839117019507
2018-09-30,1.175717698136976
2018-10-31,1.1736441465488268
2018-11-30,1.1775883001769576
2018-12-31,1.1813615249589027
2019-01-31,1.1791134312229852
2019-02-28,1.174150235781878
2019-03-31,1.1675635911597864
2019-04-30,1.1614139026719053
2019-05-31,1.158946784749231
2019-06-30,1.158716029717775
2019-07-31,1.1567831126666692
2019-08-31,1.1568417277964438
2019-09-30,1.1559361112950277
2019-10-31,1.1532994489908528
2019-11-30,1.1539182296040558
2019-12-31,1.1549689851891634
2020-01-31,1.1505052893542298
2020-02-29,1.147360811510836
2020-03-31,1.149863432965926
2020-04-30,1.1576042653936012
2020-05-31,1.1575816906791891
2020-06-30,1.151281822519269
2020-07-31,1.1454876669715672
2020-08-31,1.141887056687109
2020-09-30,1.1402989088673738
2020-10-31,1.139825952040801
2020-11-30,1.1405223860522848
2020-12-31,1.1394496187719314
2021-01-31,1.1346231774357565
2021-02-28,1.128445634072711
2021-03-31,1.1205087644453842
2021-04-30,1.1113744785698774
2021-05-31,1.1025353368376085
2021-06-30,1.09238634356045
2021-07-31,1.0871565513932082
2021-08-31,1.0849152127266812
2021-09-30,1.081976595822245
2021-10-31,1.0730614738836326
2021-11-30,1.0678148430641705
2021-12-31,1.0645440133141082
2022-01-31,1.055661075305533
2022-02-28,1.0461059651200497
2022-03-31,1.032323028549168
2022-04-30,1.026592046598342
2022-05-31,1.0153987738456909
2022-06-30,1.001640168606633
2022-07-31,1.001758495456939
2022-08-31,1.002113643807125
2022-09-30,0.9999629390043396
2022-10-31,0.9959229829671289
2022-11-30,0.9969299085354589
2022-12-31,1.0
